refrel3	q4k	HG00438.1	35.46 s	14740608 KB
refrel3	q4k	HG00438.2	35.68 s	14764280 KB
refrel3	q4k	HG00621.1	35.59 s	14362956 KB
refrel3	q4k	HG00621.2	37.32 s	14695984 KB
refrel3	q16k	HG00438.1	37.42 s	14539532 KB
refrel3	q16k	HG00438.2	35.87 s	14565092 KB
refrel3	q16k	HG00621.1	37.20 s	14168876 KB
refrel3	q16k	HG00621.2	37.47 s	14504456 KB
Command exited with non-zero status 2
openzl	l1_w64k	HG00621.1	13.56 s	5451052 KB
Command exited with non-zero status 2
openzl	l1_w64k	HG00438.2	14.15 s	5698896 KB
Command exited with non-zero status 2
openzl	l1_w64k	HG00621.2	14.22 s	5678556 KB
Command exited with non-zero status 2
openzl	l1_w64k	HG00438.1	14.26 s	5685992 KB
Command exited with non-zero status 2
openzl	l1_w1m	HG00621.1	14.92 s	6122380 KB
Command exited with non-zero status 2
openzl	l1_w1m	HG00438.1	15.96 s	6388136 KB
Command exited with non-zero status 2
openzl	l1_w1m	HG00438.2	15.70 s	6401220 KB
Command exited with non-zero status 2
openzl	l1_w1m	HG00621.2	15.65 s	6379268 KB
Command exited with non-zero status 2
openzl	l3_w64k	HG00621.1	17.11 s	5496956 KB
Command exited with non-zero status 2
openzl	l3_w64k	HG00438.2	17.71 s	5747544 KB
Command exited with non-zero status 2
openzl	l3_w64k	HG00438.1	18.23 s	5734760 KB
Command exited with non-zero status 2
openzl	l3_w64k	HG00621.2	18.03 s	5727120 KB
Command exited with non-zero status 2
openzl	l3_w1m	HG00621.1	17.78 s	5865992 KB
Command exited with non-zero status 2
openzl	l3_w1m	HG00438.1	18.79 s	6120196 KB
Command exited with non-zero status 2
openzl	l3_w1m	HG00438.2	18.73 s	6132340 KB
Command exited with non-zero status 2
openzl	l3_w1m	HG00621.2	18.91 s	6111500 KB
